phenotype	TN	FP	FN	TP	support	accuracy	sensitivity	specificity	precision	recall	f1-score	MCC	ROC-AUC	PR-AUC	PRG-AUC	PRG-AUC_clipped
fruit	22	4	4	10	14	0.8	0.714286	0.846154	0.714286	0.714286	0.714286	0.56044	0.93956	0.880612	0.768144	0.768144
pig	24	2	3	11	14	0.875	0.785714	0.923077	0.846154	0.785714	0.814815	0.721798	0.965659	0.921631	0.868241	0.868241
poultry	26	2	1	11	12	0.925	0.916667	0.928571	0.846154	0.916667	0.88	0.82698	0.986607	0.969298	0.95559	0.95559
