feature	importance
L_2_A7	0.345359
L_1_A4	0.196374
L_10_A19	0.15509
L_9_A7	0.130304
L_1_A1	0.127812
L_6_A5	0.030654
L_10_A8	0.012395
L_1_A8	0.002013
L_1_A6	0.0
L_7_A10	0.0
L_6_A4	0.0
L_5_A8	0.0
L_3_A6	0.0
L_1_A7	0.0
L_10_A10	0.0
L_1_A44	0.0
L_10_A13	0.0
L_1_A3	0.0
L_1_A12	0.0
L_10_A44	0.0
L_10_A2	0.0
L_10_A18	0.0
L_10_A17	0.0
L_10_A16	0.0
L_9_A8	0.0
