phenotype	TN	FP	FN	TP	support	accuracy	sensitivity	specificity	precision	recall	f1-score	MCC	ROC-AUC	PR-AUC	PRG-AUC	PRG-AUC_clipped
fruit	26	0	4	10	14	0.9	0.714286	1.0	1.0	0.714286	0.833334	0.786796	0.994505	0.982143	0.978867	0.978867
pig	24	2	3	11	14	0.875	0.785714	0.923077	0.846154	0.785714	0.814815	0.721798	0.978022	0.951236	0.903277	0.903277
poultry	23	5	0	12	12	0.875	1.0	0.821429	0.705882	1.0	0.827586	0.761467	0.985119	0.97549	0.948417	0.948417
