accuracy	sensitivity	specificity	precision	recall	f1-score	MCC	Cohen kappa	ROC-AUC	PR-AUC	PRG-AUC	PRG-AUC_clipped
0.825	0.833333	0.914835	0.850679	0.833333	0.825245	0.754077	0.739292	0.985882	0.969623	0.94352	0.94352
