phenotype	TN	FP	FN	TP	support	accuracy	sensitivity	specificity	precision	recall	f1-score	MCC	ROC-AUC	PR-AUC	PRG-AUC	PRG-AUC_clipped
fruit	22	4	4	10	14	0.8	0.714286	0.846154	0.714286	0.714286	0.714286	0.56044	0.769231	0.582993	0.491607	0.491607
pig	24	2	3	11	14	0.875	0.785714	0.923077	0.846154	0.785714	0.814815	0.721798	0.846154	0.739835	0.688211	0.688211
poultry	26	2	1	11	12	0.925	0.916667	0.928571	0.846154	0.916667	0.88	0.82698	0.922619	0.800641	0.830586	0.830586
