accuracy	sensitivity	specificity	precision	recall	f1-score	MCC	Cohen kappa	ROC-AUC	PR-AUC	PRG-AUC	PRG-AUC_clipped
0.725	0.722222	0.863553	0.754148	0.722222	0.72767	0.594524	0.587242	0.953526	0.920311	0.825219	0.825219
