phenotype	TN	FP	FN	TP	support	accuracy	sensitivity	specificity	precision	recall	f1-score	MCC	ROC-AUC	PR-AUC	PRG-AUC	PRG-AUC_clipped
fruit	26	0	4	10	14	0.9	0.714286	1.0	1.0	0.714286	0.833334	0.786796	0.983516	0.961735	0.930564	0.930564
pig	20	6	3	11	14	0.775	0.785714	0.769231	0.647059	0.785714	0.709677	0.535442	0.93956	0.905102	0.781285	0.781285
poultry	23	5	4	8	12	0.775	0.666667	0.821429	0.615385	0.666667	0.64	0.477552	0.9375	0.894097	0.763808	0.763808
