phenotype	TN	FP	FN	TP	support	accuracy	sensitivity	specificity	precision	recall	f1-score	MCC	ROC-AUC	PR-AUC	PRG-AUC	PRG-AUC_clipped
fruit	26	0	2	12	14	0.95	0.857143	1.0	1.0	0.857143	0.923077	0.892143	0.994505	0.982143	0.978867	0.978867
pig	23	3	0	14	14	0.925	1.0	0.884615	0.823529	1.0	0.903226	0.853526	0.973901	0.940207	0.890225	0.890225
poultry	28	0	1	11	12	0.975	0.916667	1.0	1.0	0.916667	0.956522	0.940775	0.99256	0.97549	0.97499	0.97499
