phenotype	TN	FP	FN	TP	support	accuracy	sensitivity	specificity	precision	recall	f1-score	MCC	ROC-AUC	PR-AUC	PRG-AUC	PRG-AUC_clipped
fruit	26	0	4	10	14	0.9	0.714286	1.0	1.0	0.714286	0.833334	0.786796	0.983516	0.961735	0.930564	0.930564
pig	24	2	3	11	14	0.875	0.785714	0.923077	0.846154	0.785714	0.814815	0.721798	0.973901	0.940207	0.890225	0.890225
poultry	23	5	0	12	12	0.875	1.0	0.821429	0.705882	1.0	0.827586	0.761467	0.989583	0.97549	0.961908	0.961908
