accuracy	sensitivity	specificity	precision	recall	f1-score	MCC	Cohen kappa	ROC-AUC	PR-AUC	PRG-AUC	PRG-AUC_clipped
0.8	0.805556	0.899267	0.802198	0.805556	0.803034	0.70047	0.699812	0.971459	0.94991	0.888705	0.888705
