phenotype	TN	FP	FN	TP	support	accuracy	sensitivity	specificity	precision	recall	f1-score	MCC	ROC-AUC	PR-AUC	PRG-AUC	PRG-AUC_clipped
fruit	22	4	4	10	14	0.8	0.714286	0.846154	0.714286	0.714286	0.714286	0.56044	0.950549	0.921429	0.816447	0.816447
pig	24	2	3	11	14	0.875	0.785714	0.923077	0.846154	0.785714	0.814815	0.721798	0.96978	0.940207	0.874898	0.874898
poultry	26	2	1	11	12	0.925	0.916667	0.928571	0.846154	0.916667	0.88	0.82698	0.994048	0.988095	0.97477	0.97477
