phenotype	TN	FP	FN	TP	support	accuracy	sensitivity	specificity	precision	recall	f1-score	MCC	ROC-AUC	PR-AUC	PRG-AUC	PRG-AUC_clipped
fruit	22	4	4	10	14	0.8	0.714286	0.846154	0.714286	0.714286	0.714286	0.56044	0.879121	0.865537	0.672636	0.672636
pig	24	2	3	11	14	0.875	0.785714	0.923077	0.846154	0.785714	0.814815	0.721798	0.903846	0.809306	0.602849	0.602849
poultry	26	2	1	11	12	0.925	0.916667	0.928571	0.846154	0.916667	0.88	0.82698	0.970238	0.933608	0.848309	0.848309
