accuracy	sensitivity	specificity	precision	recall	f1-score	MCC	Cohen kappa	ROC-AUC	PR-AUC	PRG-AUC	PRG-AUC_clipped
0.93125	0.930556	0.96543	0.931418	0.930556	0.930927	0.896621	0.896568	0.978892	0.956774	0.910097	0.910097
