phenotype	TN	FP	FN	TP	support	accuracy	sensitivity	specificity	precision	recall	f1-score	MCC	ROC-AUC	PR-AUC	PRG-AUC	PRG-AUC_clipped
fruit	25	1	4	10	14	0.875	0.714286	0.961538	0.909091	0.714286	0.8	0.72192	0.950549	0.921429	0.816447	0.816447
pig	24	2	3	11	14	0.875	0.785714	0.923077	0.846154	0.785714	0.814815	0.721798	0.96978	0.940207	0.874898	0.874898
poultry	23	5	1	11	12	0.85	0.916667	0.821429	0.6875	0.916667	0.785714	0.690425	0.985119	0.97549	0.948417	0.948417
